INSERT INTO quant.ts_day VALUES (2009-08-18, '601788.SH', 30, 30.88, 27.29, 27.4, 199298200, 5657963984);
INSERT INTO quant.ts_day VALUES (2009-08-19, '601788.SH', 26.5, 26.94, 24.66, 24.66, 101570771, 2588148801);
INSERT INTO quant.ts_day VALUES (2009-08-20, '601788.SH', 24.1, 25.88, 23.74, 25.55, 89166588, 2232369227);
INSERT INTO quant.ts_day VALUES (2009-08-21, '601788.SH', 25, 25.19, 23.99, 24.68, 70804499, 1743900861);
INSERT INTO quant.ts_day VALUES (2009-08-24, '601788.SH', 24.68, 24.7, 23.81, 24.25, 44485417, 1077136176);
INSERT INTO quant.ts_day VALUES (2009-08-25, '601788.SH', 24.59, 25.3, 23.75, 25.2, 70002792, 1715147341);
INSERT INTO quant.ts_day VALUES (2009-08-26, '601788.SH', 24.76, 25.36, 24.47, 24.83, 52577773, 1312089961);
INSERT INTO quant.ts_day VALUES (2009-08-27, '601788.SH', 24.65, 25.23, 24.44, 24.66, 38041784, 942859450);
INSERT INTO quant.ts_day VALUES (2009-08-28, '601788.SH', 24.6, 24.83, 23.8, 23.83, 33628162, 810379205);
INSERT INTO quant.ts_day VALUES (2009-08-31, '601788.SH', 23.31, 23.4, 22.06, 22.19, 36334440, 826951624);

INSERT INTO quant.ts_min VALUES ('2009-08-18 09:30:00', '601788.SH', 30, 30, 30, 30, 8834742, 265042260);
INSERT INTO quant.ts_min VALUES ('2009-08-18 09:31:00', '601788.SH', 30, 30.88, 29.5, 29.5, 15853348, 476538901);
INSERT INTO quant.ts_min VALUES ('2009-08-18 09:32:00', '601788.SH', 29.78, 29.78, 29.01, 29.1, 4645779, 136653200);
INSERT INTO quant.ts_min VALUES ('2009-08-18 09:33:00', '601788.SH', 29.1, 29.1, 28.88, 28.88, 5925974, 171866918);
INSERT INTO quant.ts_min VALUES ('2009-08-18 09:34:00', '601788.SH', 28.84, 28.89, 28.53, 28.7, 4260977, 122372041);
INSERT INTO quant.ts_min VALUES ('2009-08-18 09:35:00', '601788.SH', 28.58, 28.65, 28.5, 28.65, 6601413, 188741011);
INSERT INTO quant.ts_min VALUES ('2009-08-18 09:36:00', '601788.SH', 28.62, 28.9, 28.6, 28.9, 4358415, 125252607);
INSERT INTO quant.ts_min VALUES ('2009-08-18 09:37:00', '601788.SH', 28.9, 29.01, 28.9, 29, 3289993, 95362996);

INSERT INTO quant.ts_adj VALUES (2009-08-18, '601788.SH', 1);
INSERT INTO quant.ts_adj VALUES (2009-08-19, '601788.SH', 1);
INSERT INTO quant.ts_adj VALUES (2009-08-20, '601788.SH', 1);
INSERT INTO quant.ts_adj VALUES (2009-08-21, '601788.SH', 1);
INSERT INTO quant.ts_adj VALUES (2009-08-24, '601788.SH', 1);
INSERT INTO quant.ts_adj VALUES (2009-08-25, '601788.SH', 1);
INSERT INTO quant.ts_adj VALUES (2009-08-26, '601788.SH', 1);
INSERT INTO quant.ts_adj VALUES (2009-08-27, '601788.SH', 1);
INSERT INTO quant.ts_adj VALUES (2009-08-28, '601788.SH', 1);
INSERT INTO quant.ts_adj VALUES (2009-08-31, '601788.SH', 1);

INSERT INTO quant.codes VALUES ('000001.SZ', '平安银行', 19910403, true, '');
INSERT INTO quant.codes VALUES ('000002.SZ', '万科A', 19910129, true, '');
INSERT INTO quant.codes VALUES ('000003.SZ', 'PT金田A(退)', 19910703, false, 20020614);
INSERT INTO quant.codes VALUES ('000004.SZ', '国华网安', 19910114, true, '');
INSERT INTO quant.codes VALUES ('000005.SZ', 'ST星源', 19901210, true, '');
INSERT INTO quant.codes VALUES ('000006.SZ', '深振业A', 19920427, true, '');
INSERT INTO quant.codes VALUES ('000007.SZ', '*ST全新', 19920413, true, '');
INSERT INTO quant.codes VALUES ('000008.SZ', '神州高铁', 19920507, true, '');
